39e80bb3-dcae-486d-a955-566d0e1cb87a,"Software Engineer, Backend Developer - India","All roles at JumpCloud are Remote unless otherwise specified in the Job Description.

About JumpCloud

JumpCloud‚Äôs mission is to Make Work Happen¬Æ, providing simple, secure access to an organization‚Äôs technology resources from any device, or any location. The JumpCloud Open Directory Platform gives IT, security operations, and DevOps a single, cloud-based solution to control and manage employee identities and their devices, and apply conditional access controls based on Zero Trust principals. Since launching in 2012, our global user base has grown to more than 150,000 organizations, with more than 5,000 paying customers including Cars.com, GoFundMe, Grab, ClassPass, Uplight and Peloton. JumpCloud has raised over $400M from world-class investors including Sapphire Ventures, General Atlantic, Sands Capital, Atlassian, and CrowdStrike. Our teams are growing fast, too, and we're looking for talent across engineering, sales, customer success, marketing, product management, and more. Join... our team of dedicated, passionate, and creative people who are eager to change the IT industry forever.

Do you enjoy solving challenging problems using the latest technologies within a great team? Is knowing your work will be highly visible and mission critical a key component for the next step in your career? At JumpCloud, we‚Äôre looking for best-in-class talent to help define the future of modern identity and device management from the ground up.

JumpCloud is looking for an experienced Software Engineer to join an engineering team focusing on OAuth, OpenID Connect, Public Key Infrastructure (PKI) and working with services that use all of these technologies. Identity Management (IM) services are a key part of the entire JumpCloud product portfolio. Along with our Authentication and Authorization services, IM provides the foundation for our identity and security solutions, both cloud and device based. The Identity team‚Äôs work will make using JumpCloud even easier and more seamless, while providing a very high level of security.

What we are looking for:
‚Ä¢ 3-8 years experience developing distributed systems, microservices, and REST APIs (including using them as integration points with third-party applications) in a variety of programming languages including Golang.
‚Ä¢ Experience using one of the public cloud providers (AWS, GCP or Azure) with CI/CD pipelines (Travis/CircleCI) to build, test and deploy.
‚Ä¢ Willingness to mentor junior members of the team.
‚Ä¢ Bonus points if you have experience with Python, Docker, feature flags, and BDD.

What you will be doing:
‚Ä¢ Feature implementation through both individual contributions and providing guidance in terms of organization, process and design.
‚Ä¢ Our team primarily uses Go, although experience with other modern languages is fine.
‚Ä¢ We collaborate closely with architects, UX, and DevOps to ensure our systems are highly available, scalable, performant, and deliver an amazing user experience.
‚Ä¢ We use the scrum framework.
‚Ä¢ Learning and working with cryptography and security concepts, including PKI and TLS/SSL agreement protocols, authentication, symmetric and asymmetric encryption, and related concepts. Bonus points if you have experience with these already.
‚Ä¢ Using OAuth/OIDC flows to authenticate users and then allow them to use services.
‚Ä¢ Integrate identity via certs, OAuth and other methods into cloud services like AWS API Gateway.
‚Ä¢ Work with 3rd party applications like mesh VPNs to ensure that these applications work with JumpCloud provided identity.
‚Ä¢ Shape the future of our Identity Management services roadmap by participating in planning/scoping conversations with product managers.
‚Ä¢ Help the team and organization live by our core values: building connections, thinking big and getting 1% better every day.

#LI-PD1

Where you‚Äôll be working/Location:

JumpCloud is committed to being Remote First, meaning that you are able to work remotely within the country noted in the Job Description.

This role is remote in the country of India. You must be located in and authorized to work in India to be considered for this role.

Why JumpCloud?

If you thrive working in a fast, SaaS-based environment and you are passionate about solving challenging technical problems, we look forward to hearing from you! JumpCloud is an incredible place to share and grow your expertise! You‚Äôll work with amazing talent across each department who are passionate about our mission. We‚Äôre out of the box thinkers, so your unique ideas and approaches for conceiving a product and/or feature will be welcome. You‚Äôll have a voice in the organization as you work with a seasoned executive team, a supportive board and in a proven market that our customers are excited about.

One of JumpCloud's three core values is to ‚ÄúBuild Connections.‚Äù To us that means creating "" human connection with each other regardless of our backgrounds, orientations, geographies, religions, languages, gender, race, etc. We care deeply about the people that we work with and want to see everyone succeed."" - Rajat Bhargava, CEO

Please submit your r√©sum√© and brief explanation about yourself and why you would be a good fit for JumpCloud. Please note JumpCloud is not accepting third party resumes at this time.

JumpCloud is an equal opportunity employer. All applicants will be considered for employment without attention to race, color, religion, sex, sexual orientation, gender identity, national origin, veteran or disability status.

#LI-Remote #BI-Remote

JumpCloud focuses on SaaS, Enterprise Software, B2B, and B2 B Market ‚Äì Sme‚ÄôS Specifically . Their company has offices in Denver and Boulder. They have a large team that's between 201-500 employees. To date, JumpCloud has raised $57.467M of funding; their latest round was closed on May 2019.

You can view their website at http://jumpcloud.com or find them on Twitter, Facebook, LinkedIn, and Product Hunt", Wellfound,backend%developer%20india
0437a76f-0080-467d-b4d8-308f31dfcb74,Back End Developer,"About This Role

Zoom is growing at an explosive pace by every measure - revenues, people, innovation, and customers. Led by Eric S. Yuan, the #1 ranked CEO on Glassdoor, our unique culture makes Zoom an awesome place to work. We are expanding teams across the organization. If you are motivated by delivering happiness, come join us at Zoom!

As a Back end Developer, you will be responsible for translating the CMS requirements into technical deliverables which include enterprise-level architecture and implementing strategies using components/pages in CMS (Wordpress and Optimizely) platform to support multi-site, multi-channel, multi-lingual delivery environments.

KEY RESPONSIBILITIES
‚Ä¢ Partner with web developers, engineers, marketers, SEO, localization team, and designers to scale Zoom‚Äôs web production
‚Ä¢ Collaborate with product managers, engineers, web developers, visual designers, and business stakeholders to create custom web pages for global product launches, marketing campaigns... events, and promotions.
‚Ä¢ Develop Digital Consumer experiences using C# based Optimizely CMS.
‚Ä¢ Help maintain and migrate existing Wordpress sites to Optimizely.
‚Ä¢ Design efficient content models, security models, workflows, and templates
‚Ä¢ Create components and page templates, combining backend C# .net Framework,, HTML/CSS, and frontend JavaScript frameworks technologies
‚Ä¢ Work with architects to ensure that scalable solutions are created, alongside equally talented CMS engineers
‚Ä¢ Diagnose and solve technical problems related to content management implementation.
‚Ä¢ Conduct code reviews for ongoing projects to ensure optimal code quality and appropriate design patterns are used.
‚Ä¢ Participate in project planning sessions with team members to analyze development requirements, provide work breakdown and estimates of work

QUALIFICATIONS
‚Ä¢ 3 plus years of strong Web Content Management experience with C#(.net Framework) and frontend technologies.
‚Ä¢ Expert level development skills using REST, Javascript, jQuery, AJAX, JSON, HTML, CSS, NodeJS and angularJS
‚Ä¢ Solid experience with .net application building including templates, components, dialogs, widgets, and bundles.
‚Ä¢ Experience with MVC based application development will have great add.
‚Ä¢ Experience migrating from existing CMS to Optimizely is a plus
‚Ä¢ Javascript Frameworks - preferred but not required
‚Ä¢ AngularJS v4+/React or any other JS Framework.
‚Ä¢ Working experience in PHP or LAMP/MAMP.
‚Ä¢ Knowledge of version control systems such as GitHub or GitLab is a plus.
‚Ä¢ Ability to troubleshoot code issues and recommend solutions.

We believe that the unique contributions of all Zoomies is the driver of our success. To make sure that our products and culture continue to incorporate everyone's perspectives and experience we never discriminate on the basis of race, religion, national origin, gender identity or expression, sexual orientation, age, or marital, veteran, or disability status. Zoom is proud to be an equal opportunity workplace and is an affirmative action employer. All your information will be kept confidential according to EEO guidelines.

We welcome people of different backgrounds, experiences, abilities and perspectives including qualified applicants with arrest and conviction records and any qualified applicants requiring reasonable accommodations in accordance with the law. If you need any assistance or accommodations due to a medical condition, or if you need assistance accessing our website or completing the application process, please let us know by emailing us at careers@zoom.us.

At Zoom, we care about our employees, their families, and their well-being. As part of our award-winning workplace culture and commitment to delivering happiness, our benefits program offers a variety of perks, benefits, and options to help employees maintain their physical, mental, emotional, and financial health; support work-life balance; and contribute to their community in meaningful ways. To view our benefits, click here.

Work Styles at Zoom

In most cases, you will have the opportunity to choose your preferred working location from the following options when you join Zoom: in-person, hybrid or remote. Visit this page for more information about Zoom's Workstyles.

About Us

Zoomies help people stay connected so they can get more done together. We set out to build the best video product for the enterprise, and today help people communicate better with products like Zoom Contact Center, Zoom Phone, Zoom Events, Zoom Apps, Zoom Rooms, and Zoom Webinars.

We‚Äôre problem-solvers, working at a fast pace to design solutions with our customers and users in mind. Here, you‚Äôll work across teams to deliver impactful projects that are changing the way people communicate and enjoy opportunities to advance your career in a diverse, inclusive environment.

Explore Zoom:
‚Ä¢ Hear from our leadership team
‚Ä¢ Browse Awards and Employee Reviews on Comparably
‚Ä¢ Visit our Blog
‚Ä¢ Zoom with us!
‚Ä¢ Find us on social at the links below and on Instagram
‚Ä¢ View more jobs, sign up for job alerts and join our talent community. Visit the Zoom careers site", Careers - Zoom,backend%developer%20india
d1bf7a47-8b4b-4968-80e8-7c5a45320f89,Backend Developer (Django),"Qrate is a B2B Saas platform that helps recruiting firms and enterpise to optimise their Talent acquisition process from job creation to candidate screening to interview schedule.

Our platform leverages Al to deliver personalized and efficient recruitment services for both employers and job seekers.

We currently also operate Aviate, our B2C employability enhancement and placement product for job-seekers. With Aviate, we have launched India's first 100% Job Guarantee Program for HR and TA Roles.

Learn More about Aviate: www.aviate.jobs

Learn More about Q-Rate: www.qrate.ai

We are seeking a talented and experienced Backend Developer to join our growing team. As a Backend Developer, you will be responsible for designing, developing, and maintaining the server-side logic of our applications, ensuring high performance and responsiveness to requests from the front-end. You will work closely with our product and design teams to build robust and scalable solutions.

Responsibilities:
‚Ä¢... Develop, maintain, and optimize server-side logic for our web and mobile applications.
‚Ä¢ Collaborate with front-end developers to integrate user-facing elements with server-side logic.
‚Ä¢ Design and develop RESTful APIs to be consumed by the frontend.
‚Ä¢ Ensure the performance, security, and scalability of our applications.
‚Ä¢ Write clean, maintainable, and testable code using industry best practices.
‚Ä¢ Participate in code reviews, troubleshooting, and debugging of complex issues.
‚Ä¢ Stay up-to-date with emerging trends and technologies in web development.

Requirements:
‚Ä¢ At least 2 years of experience in backend development.
‚Ä¢ Strong proficiency in Python.
‚Ä¢ Experience with Django web frameworks.
‚Ä¢ Proficiency in database management and SQL (preferably postgres).
‚Ä¢ Familiarity with RESTful API design and implementation.
‚Ä¢ Good understanding of server-side technologies such as caching, message queues, and load balancing.
‚Ä¢ Knowledge of software development principles such as SOLID, DRY, and YAGNI.
‚Ä¢ Familiarity with version control systems such as Git or SVN.
‚Ä¢ Excellent communication and teamwork skills.

Q-rate focuses on B2B ¬∑ SaaS ¬∑ Mobile ¬∑ Artificial Intelligence / Machine Learning. Their company has offices in Goa. They have a small team that's between 1-10 employees.

You can view their website at https://qrate.ai", Wellfound,backend%developer%20india
a67f7994-00d9-4a7c-8547-3b1cbc255e5b,Backend Developer,"‚óè Background - 4+ years of proven experience working as a Backend Developer.

‚óè Proficiency in NodeJS, Express and vanilla javascript.

‚óè Hands-on experience with databases. (e.g. Postgres, MongoDB, Elasticsearch)

‚óè Strong knowledge creating APIs. Knowledge using web sockets.

‚óè Experience in creating REST API documentation using Open API or similar tools.

‚óè Experience developing and creating architectures taking advantage of cloud services and capabilities

‚óè Hands on experience on cloud services (AWS, GCP, Digital Ocean), git and CI/CD tools.", LinkedIn,backend%developer%20india
c92c954f-9f0e-4999-aa00-2b214639f0d5,Senior Backend Developer,"Greeting and thank you for visiting our job post.

Supercoder is an AI-powered career development platform to connect developers around the world to remote job opportunities with competitive payment.

We are looking for Senior Backend Developer position with details as below.

Salary range: $2,500 - $4,000/month

Type of role: 100% full-time remote

Requirements:
‚Ä¢ Proven experience as a Backend Developer, with expertise in [Python + FastAPI] or [Kotlin + Spring]
‚Ä¢ Strong understanding of Domain-Driven Design (DDD) principles and ability to apply them in practice
‚Ä¢ Familiarity with API design and RESTful APIs
‚Ä¢ Solid understanding of databases and data modeling
‚Ä¢ Excellent problem-solving skills and attention to detail
‚Ä¢ Strong communication and teamwork skills
‚Ä¢ Ability to work independently and meet project deadlines

Qualifications:
‚Ä¢ Bachelor's degree or equivalent experience in Computer Science
‚Ä¢ Ability to multi-task, organize, and prioritize work
‚Ä¢ Experience working in Agile... development environments.
‚Ä¢ Excellent problem-solving and analytical skills.
‚Ä¢ Strong communication and collaboration skills", LinkedIn,backend%developer%20india
b67ebfce-9cd8-4d12-9d9f-de418dad249c,Backend Developer,"Introduction

At IBM, work is more than a job - it's a calling: To build. To design. To code. To consult. To think along with clients and sell. To make markets. To invent. To collaborate. Not just to do something better, but to attempt things you've never thought possible. Are you ready to lead in this new era of technology and solve some of the world's most challenging problems? If so, lets talk.

Your Role and Responsibilities
‚Ä¢ Work in an Agile, collaborative environment to build, deploy, configure, and maintain Lakehouse (SaaS) on multiple hyperscalers.
‚Ä¢ Use continuous integration tools like Jenkins and Artifactory to build automation pipeline to deploy different service workloads for Lakehouse.
‚Ä¢ Collaborate multiple development teams to enable a continuous integration environment that sustains high productivity levels and emphasizes defect prevention techniques.
‚Ä¢ Design and implement automation for deployment, monitoring, logging, alerting of large-scale Lakehouse... environments.

Required Technical and Professional Expertise
‚Ä¢ Around 3 years of relevant experience
‚Ä¢ Virtualization, containerization technologies, containers orchestration software and cloud platforms
‚Ä¢ Kubernetes clusters administration
‚Ä¢ Usage of cloud services (Amazon Web Services, IBM Cloud, Microsoft Azure, Google Cloud Platform)
‚Ä¢ Languages: GO, Python, Ruby
‚Ä¢ Linux and shell scripting
‚Ä¢ CI/CD Tools: Jenkins, Artifactory Development and operation of fully managed SaaS services * Source Control Tools: Git, GitHub
‚Ä¢ Excellent communication skills.

Preferred Technical and Professional Expertise
‚Ä¢ Experience with cloud SaaS security
‚Ä¢ Hypershift and openshift
‚Ä¢ Familiarity of RDBMS, data warehouse, data lakes
‚Ä¢ Familiarity with Hive metastore and open data formats (Iceberg, Delta Lake, Hudi)
‚Ä¢ Open-source data engines: Presto, Spark
‚Ä¢ Data governance management
‚Ä¢ Open-source software development

About Business UnitIBM Analytics enables organizations to engage with data to answer the toughest business questions, uncover patterns and pursue breakthrough ideas. IBM Analytics offers a complete portfolio of big data and analytics solutions to fuel the Cognitive business.

IBM Analytics delivers on the promise of cognitive business. Our portfolio provides the first and only end-to-end ecosystem of data, analytics and cognitive capabilities and expertise. Available on the cloud, on premises or in hybrid deployments, our portfolio helps organizations uncover insights that improve business processes and ideas that drive game-changing outcomes

This job requires you to be fully COVID-19 vaccinated prior to your start date and proof of vaccination status will be required before your start date. During the Onboarding process you will be asked to confirm your vaccination status, in case you are unable to get vaccinated for any reason, you can let us know at that stage. Please let us know if you are unable to be vaccinated due to medical or religious reasons. IBM will consider such requests on a case by case basis subject to submission of required proof by the candidate before a stipulated date.

Your Life @ IBMIn a world where technology never stands still, we understand that, dedication to our clients success, innovation that matters, and trust and personal responsibility in all our relationships, lives in what we do as IBMers as we strive to be the catalyst that makes the world work better.

Being an IBMer means you'll be able to learn and develop yourself and your career, you'll be encouraged to be courageous and experiment everyday, all whilst having continuous trust and support in an environment where everyone can thrive whatever their personal or professional background.

Our IBMers are growth minded, always staying curious, open to feedback and learning new information and skills to constantly transform themselves and our company. They are trusted to provide on-going feedback to help other IBMers grow, as well as collaborate with colleagues keeping in mind a team focused approach to include different perspectives to drive exceptional outcomes for our customers. The courage our IBMers have to make critical decisions everyday is essential to IBM becoming the catalyst for progress, always embracing challenges with resources they have to hand, a can-do attitude and always striving for an outcome focused approach within everything that they do.

Are you ready to be an IBMer?

About IBMIBM's greatest invention is the IBMer. We believe that through the application of intelligence, reason and science, we can improve business, society and the human condition, bringing the power of an open hybrid cloud and AI strategy to life for our clients and partners around the world.Restlessly reinventing since 1911, we are not only one of the largest corporate organizations in the world, we're also one of the biggest technology and consulting employers, with many of the Fortune 50 companies relying on the IBM Cloud to run their business. At IBM, we pride ourselves on being an early adopter of artificial intelligence, quantum computing and blockchain. Now it's time for you to join us on our journey to being a responsible technology innovator and a force for good in the world.

Location StatementWhen applying to jobs of your interest, we recommend that you do so for those that match your experience and expertise. Our recruiters advise that you apply to not more than 3 roles in a year for the best candidate experience.

For additional information about location requirements, please discuss with the recruiter following submission of your application.

Being You @ IBMIBM is committed to creating a diverse environment and is proud to be an equal opportunity employer. All qualified applicants will receive consideration for employment without regard to race, color, religion, gender, gender identity or expression, sexual orientation, national origin, genetics, pregnancy, disability, age, veteran status, or other characteristics. IBM is also committed to compliance with all fair employment practices regarding citizenship and immigration status", IBM Jobs,backend%developer%20india
654b59ec-363a-4027-8d73-b8438d4e6311,Lead Back-End Developer,"Design and development of backend features and components - Collaborating with other developers in design and development - Reducing the level of technical debt of the backend codebase - Help triage bugs, track software defects, and ensure their timely resolution - Stewarding technical standards and quality - Interface with product and other functional teams and their leadership The job holder uses existing and emerging technology platforms to design, develop and document technically detailed applications. . S/he also analyzes organizational needs and goals to develop and implement application systems. Provides application software development services or technical support in situations of moderate complexity. May also be responsible for requirements gathering and BRD/SRD preparation. Has thorough knowledge of the Software Development Life Cycle. Conducts reviews of the test Plan and test Data.Programming well-designed, testable, efficient code. Analyze, design and develop tests and... test-automation suites. Develop flowcharts, layouts and documentation to satisfy requirements and solutions. Maintain software functionality and currency (technical debt and gain). Actively participate in code reviews. Integrate software components into a fully functional software system. Apply security and privacy principles.Execute full lifecycle software development. Develop software verification plans and quality assurance procedures. Troubleshoot, debug and upgrade existing systems. Ensure software is updated with latest features. Participate in deployment process following all change controls. Provide ongoing maintenance, support and enhancements in existing systems and platforms. Provide recommendations for continuous improvement.Active learning engagement. Complete all required mandatory training / policy awareness curricula on time. Use learning tools such as Pluralsight to complete both recommended and aspirational targets set in personal development plans.Demonstrate team work. Leverage existing products/functionality and promote reuse. Work alongside other engineers on the team to elevate technology and consistently apply best practices. Collaborate closely with all the other members of the team to take shared responsibility for the overall efforts that the team has committed to. Collaborate cross-functionally with data engineers, business users, project managers and other engineers to achieve elegant solutions. Utilize local meetups to gain and share knowledge.Compiles documentation written by more senior developers of all procedures used in system. Acts as mentor to junior level engineers .Prior experience with using a specific application development toolkit and knowledge of a backend development language required (i.e. C#, Java) S/he must have knowledge about the functions and features of modern and traditional structured methods for developing applications. Communications and organization skills; team work skills. Contributes to the achievement of related teams' objectivesMODIFIED BASED UPON LOCAL REGULATIONS/REQUIREMENTSBachelor's degree in computer science engineering or a related discipline, or equivalent work experience required2-6 years of experience in software development required; experience in the securities or financial services industry is a plus; should have thorough knowledge of the software development cycle S/he must also have experience developing in backend environment Job holder must be knowledgeable about cross-platform interoperability (multiple platforms. NT, Intranet, etc.) , major tools in a toolkit for a specific platform and features of multiple toolkits. S/he must be experienced at resolving hardware, software, and communications malfunctions and understand the business impact of resolving complications.. BNY Mellon is an Equal Employment Opportunity/Affirmative Action Employer. Minorities/Females/Individuals with Disabilities/Protected Veterans. Our ambition is to build the best global team ‚Äì one that is representative and inclusive of the diverse talent, clients and communities we work with and serve ‚Äì and to empower our team to do their best work. We support wellbeing and a balanced life, and offer a range of family-friendly, inclusive employment policies and employee forums.

BNY Mellon is an Equal Employment Opportunity/Affirmative Action Employer. Minorities/Females/Individuals With Disabilities/Protected Veterans.

Our ambition is to build the best global team ‚Äì one that is representative and inclusive of the diverse talent, clients and communities we work with and serve ‚Äì and to empower our team to do their best work. We support wellbeing and a balanced life, and offer a range of family-friendly, inclusive employment policies and employee forums", Eightfold.ai,backend%developer%20india
a7c8d642-6fdf-48d5-86ee-637f0ca06814,Backend Developer (Rust),"Job description

We're looking to hire an experienced Backend Developer with experience in Rust to join our fast-moving team at AfterShoot!

Responsibilities
‚Ä¢ Take ownership of the backend which may also involve having a decent amount of knowledge of working with Python
‚Ä¢ Work with the team to port parts of the current Python Backend to Rust
‚Ä¢ Work with the product and R&D team to understand business goals and help bring them to fruition
‚Ä¢ Research new technologies and best practices and make sure we‚Äôre up to date

Preferred Experience
‚Ä¢ Experience with compiling and linking third party libraries
‚Ä¢ Experience with creating and maintaining scalable database architectures for edge devices.
‚Ä¢ Diesel, Serde, Rocket, Tokio, Threads, low level optimizations.
‚Ä¢ Experience making slow backends fly like a rocket.

Benefits
‚Ä¢ Chance to work on an industry-defining product! Go read our testimonials: https://aftershoot.com
‚Ä¢ Health and wellness benefits
‚Ä¢ Competitive Pay
‚Ä¢ Option to work... remotely (in person preferred but we allow for remote work)
‚Ä¢ Flexibility with working hours - that means we don't believe in the traditional 9-5 work routine
‚Ä¢ Your own custom work machine with your requested specifications (and color üòâ )

We're looking for people with a can-do attitude and a mindset to do something that impacts an industry as a whole! If you don't want to be yet another cog in the system and want to work on innovative and challenging problems, we'll be excited to have you!

About Us

At AfterShoot, we are building the Future of Photography!

With very little to no innovation in the past decade, we believe that the Photo Industry is ripe for disruption!

Aftershoot focuses on Machine Learning, Photography, Artificial Intelligence, Weddings, and Events. Their company has offices in Delaware. They have a mid-size team that's between 51-200 employees. To date, Aftershoot has raised $120k of funding; their latest round was closed on April 2021.

You can view their website at https://aftershoot.com/ or find them on Twitter, Facebook, and LinkedIn", Wellfound,backend%developer%20india
6e3a3335-5f99-4eb5-aa15-dbebbf29d78b,Mid-Senior Backend Developer,"We are looking for a skilled Mid-Senior Backend Developer to join our team. The ideal candidate will have 2 to 3 years of experience in backend development and a strong proficiency in Node.js, TypeScript and MongoDB.

You will be responsible for building and maintaining robust, scalable, and high-performance backend systems, for cutting-edge projects, designing and implementing complex solutions.

Before you click apply, read the job post carefully.

APPLY HERE: https://forms.gle/6gWw3QewEqmCuyo96

Responsibilities:
‚Ä¢ Design, develop, and maintain backend systems using Node.js, Typescript and MongoDB
‚Ä¢ Collaborate with the frontend team to ensure seamless integration
‚Ä¢ Provide technical guidance to junior developers
‚Ä¢ Participate in code reviews, testing, and debugging to ensure code quality
‚Ä¢ Develop and maintain APIs
‚Ä¢ Develop and maintain databases using MongoDB
‚Ä¢ Write clean, efficient, and well-documented code
‚Ä¢ Optimize applications for maximum speed and scalability
‚Ä¢... Continuously research and learn new technologies to stay up-to-date with industry trends

Requirements:
‚Ä¢ 2-3 years of experience as a backend developer
‚Ä¢ Understanding of web application architecture and design patterns
‚Ä¢ Knowledge of version control systems such as Git
‚Ä¢ Strong knowledge of Node.js and TypeScript
‚Ä¢ Good Experience with MongoDB
‚Ä¢ Experience with RESTful APIs
‚Ä¢ Familiarity with AWS or other cloud services
‚Ä¢ Strong problem-solving skills and attention to detail
‚Ä¢ Excellent communication skills and ability to work collaboratively with a team

If you are a highly motivated individual with a passion for coding, we encourage you to apply. We offer dynamic work environment of growth and leadership.

we want to hear from you, if you are a motivated and skilled backend developer with a passion for building scalable and high-performance applications.

Join our team and work on exciting products that challenge and inspire you. Apply today!

APPLY HERE: https://forms.gle/6gWw3QewEqmCuyo96

Package:

9 LPA - 11 LPA", LinkedIn,backend%developer%20india
326a9fec-485a-4ea4-a6be-3566827b128a,Backend Developer,"Responsibilities
‚Ä¢ Work on an agile engineering team writing maintainable and scalable code for software components and influencing team decisions.
‚Ä¢ Collaborate with stakeholders to imagine, design, develop, test, and launch software.
‚Ä¢ Capable of independently clarifying technical requirements, assessing development estimates and applying a broad range of design approaches.
‚Ä¢ Review the code of other team members and provide constructive direction.
‚Ä¢ Drive continuous improvement of software quality and maintainability of products/features.
‚Ä¢ Continuous learning of technology trends, tools, and approaches, including sharing this knowledge with your team.
‚Ä¢ Mentor and lead developers by cultivating curiosity and deep technical understanding.

Requirements
‚Ä¢ Experience in contributing to the architecture and design (architecture, design patterns, reliability and scaling) of new and current systems
‚Ä¢ Bachelor's degree in Computer Science or equivalent combination of technical education... and work experience;
‚Ä¢ 3-5 years of Software Development experience;
‚Ä¢ Experience designing highly interactive web applications with performance, scalability, accessibility, usability, design, and security in mind is an added advantage
‚Ä¢ Should possess strong coding skills
‚Ä¢ Solid software development background including design patterns, data structures, test driven development.
‚Ä¢ Experience with distributed systems, algorithms, and relational and no-SQL databases.
‚Ä¢ Familiar with building complex web applications.
‚Ä¢ Software development experience in building highly scalable applications.
‚Ä¢ Any previous experience in working with Node.js, Redis, FFMPEG, MongoDB, Elastic Search, Cassandra, Kafka or AWS is a plus", LinkedIn,backend%developer%20india
